<?xml version="1.0"?>
<!--

    Copyright (c) 1997, 2018 Oracle and/or its affiliates. All rights reserved.

    This program and the accompanying materials are made available under the
    terms of the Eclipse Distribution License v. 1.0, which is available at
    http://www.eclipse.org/org/documents/edl-v10.php.

    SPDX-License-Identifier: BSD-3-Clause

-->

<container>
  <value id="foo">
    <Foo xmlns="java:org.acme">
      <a>5</a>
      <b>text</b>
      <c>bar</c>
      <!-- inject bar bean here -->
    </Foo>
  </value>
  <value id="bar">
    <Bar xmlns="java:org.acme">
      <x>3</x>
      <y>5</y>
    </Bar>
  </value>
</container>
