<?xml version="1.0"?>
<!--

    Copyright (c) 1997, 2018 Oracle and/or its affiliates. All rights reserved.

    This program and the accompanying materials are made available under the
    terms of the Eclipse Distribution License v. 1.0, which is available at
    http://www.eclipse.org/org/documents/edl-v10.php.

    SPDX-License-Identifier: BSD-3-Clause

-->

<addressBook>
  <!-- list of contacts -->

  <contact>
    <name>John Doe</name>
    <email>john@acme.com</email>
  </contact>
  <contact>
    <name>Jane Smith</name>
    <email>jane@acme.org</email>
  </contact>

  <!-- more extra records -->
  <contact>
    <name>Bob Cole</name>
    <email>bob@acme.net</email>
  </contact>
</addressBook>
