<?xml version="1.0"?>
<!--

    Copyright (c) 1997, 2018 Oracle and/or its affiliates. All rights reserved.

    This program and the accompanying materials are made available under the
    terms of the Eclipse Distribution License v. 1.0, which is available at
    http://www.eclipse.org/org/documents/edl-v10.php.

    SPDX-License-Identifier: BSD-3-Clause

-->

<ipo:purchaseOrder
        xmlns:xsi="http://www.w3.org/2001/XMLSchema-instance"
        xmlns:ipo="http://www.example.com/IPO"
        orderDate="1999-12-01">

  <shipTo exportCode="1" xsi:type="ipo:UKAddress">
    <name>Helen Zoe</name>
    <street>47 Eden Street</street>
    <city>Cambridge</city>
    <postcode>CB1 1JR</postcode>
  </shipTo>

  <billTo xsi:type="ipo:USAddress">
    <name>Robert Smith</name>
    <street>8 Oak Avenue</street>
    <city>Old Town</city>
    <state>PA</state>
    <zip>95819</zip>
  </billTo>

  <items>
    <item partNum="833-AA">
      <productName>Lapis necklace</productName>
      <quantity>1</quantity>
      <USPrice>99.95</USPrice>
      <ipo:comment>Want this for the holidays!</ipo:comment>
      <shipDate>1999-12-05</shipDate>
    </item>
  </items>
</ipo:purchaseOrder>
