<?xml version="1.0" encoding="UTF-8" standalone="yes"?>
<!--

    Copyright (c) 1997, 2018 Oracle and/or its affiliates. All rights reserved.

    This program and the accompanying materials are made available under the
    terms of the Eclipse Distribution License v. 1.0, which is available at
    http://www.eclipse.org/org/documents/edl-v10.php.

    SPDX-License-Identifier: BSD-3-Clause

-->

<trackingOrder>
  <shipDate>2005-11-05</shipDate>
  <orderDate>2005-11-03</orderDate>
  <deliveryDate>2005-12-05</deliveryDate>
  <trackingDuration>P0Y0M7D0T51M02.01S</trackingDuration>
</trackingOrder>

